activity_date,platform,daily_active_players,gross_revenue,arpdau,payer_rate
2026-01-01,Android,1118,482.79000000000013,0.4318336314847944,0.018783542039355994
2026-01-01,iOS,671,236.75000000000006,0.3528315946348734,0.03576751117734724
2026-01-02,Android,1239,318.79000000000013,0.2572962066182406,0.016142050040355124
2026-01-02,iOS,688,441.77000000000015,0.6421075581395351,0.03343023255813953
2026-01-03,Android,1275,214.8100000000001,0.1684784313725491,0.014901960784313726
2026-01-03,iOS,693,358.7800000000001,0.5177200577200578,0.030303030303030304
2026-01-04,Android,1296,161.91000000000003,0.12493055555555557,0.006944444444444444
2026-01-04,iOS,758,115.87999999999997,0.15287598944591024,0.0158311345646438
2026-01-05,Android,1351,307.84000000000003,0.22786084381939306,0.011843079200592153
2026-01-05,iOS,787,78.91,0.10026683608640406,0.011435832274459974
2026-01-06,Android,1422,130.93999999999997,0.09208157524613218,0.004219409282700422
2026-01-06,iOS,784,198.92000000000002,0.2537244897959184,0.01020408163265306
2026-01-07,Android,1438,200.9,0.13970792767732962,0.006954102920723227
2026-01-07,iOS,830,58.92000000000001,0.07098795180722893,0.00963855421686747
2026-01-08,Android,1446,1349.0800000000006,0.9329737206085758,0.06293222683264177
2026-01-08,iOS,886,1306.1600000000005,1.474221218961626,0.09255079006772009
2026-01-09,Android,1537,1654.0500000000006,1.07615484710475,0.05920624593363696
2026-01-09,iOS,890,1487.9700000000007,1.6718764044943828,0.10674157303370786
2026-01-10,Android,1605,414.8100000000001,0.2584485981308412,0.011838006230529595
2026-01-10,iOS,905,232.85000000000005,0.2572928176795581,0.020994475138121547
2026-01-11,Android,1645,186.84,0.113580547112462,0.009726443768996961
2026-01-11,iOS,950,548.7600000000001,0.577642105263158,0.02526315789473684
2026-01-12,Android,1688,118.91,0.07044431279620852,0.008886255924170616
2026-01-12,iOS,907,151.82000000000002,0.16738699007717753,0.022050716648291068
2026-01-13,Android,1678,236.73000000000005,0.14107866507747321,0.018474374255065554
2026-01-13,iOS,920,410.6900000000001,0.4464021739130436,0.03369565217391304
2026-01-14,Android,1735,593.6500000000002,0.3421613832853027,0.020172910662824207
2026-01-14,iOS,1020,492.66000000000014,0.48300000000000015,0.03333333333333333
2026-01-15,Android,1847,693.7100000000002,0.375587439090417,0.015159718462371413
2026-01-15,iOS,1013,432.67000000000013,0.4271174728529123,0.03652517275419546
2026-01-16,Android,1822,230.74000000000007,0.12664105378704724,0.013721185510428101
2026-01-16,iOS,1063,135.80000000000007,0.12775164628410166,0.02634054562558796
2026-01-17,Android,1794,308.7100000000001,0.1720791527313267,0.01560758082497213
2026-01-17,iOS,1062,513.5900000000001,0.4836064030131828,0.03766478342749529
2026-01-18,Android,1883,515.6500000000002,0.27384492830589496,0.01858736059479554
2026-01-18,iOS,1120,645.6600000000002,0.576482142857143,0.030357142857142857
2026-01-19,Android,1837,150.86,0.08212302667392489,0.00979858464888405
2026-01-19,iOS,1080,56.94,0.05272222222222222,0.007407407407407408
2026-01-20,Android,1949,141.89000000000001,0.07280143663417138,0.00513083632632119
2026-01-20,iOS,1081,408.8,0.37816836262719705,0.01757631822386679
2026-01-21,Android,1958,131.84999999999997,0.06733912155260469,0.007660878447395302
2026-01-21,iOS,1139,262.74000000000007,0.23067603160667258,0.0228270412642669
2026-01-22,Android,2068,477.76000000000016,0.23102514506769833,0.012088974854932301
2026-01-22,iOS,1129,215.73000000000008,0.191080602302923,0.023914968999114262
2026-01-23,Android,1975,1177.9400000000007,0.5964253164556966,0.05063291139240506
2026-01-23,iOS,1118,1298.9300000000007,1.161833631484795,0.08765652951699464
2026-01-24,Android,2109,1485.8600000000008,0.7045329540066386,0.05357989568515884
2026-01-24,iOS,1141,1310.9300000000007,1.1489307624890452,0.09114811568799298
2026-01-25,Android,2069,228.8100000000001,0.11058965683905272,0.011116481391976801
2026-01-25,iOS,1140,618.8100000000001,0.5428157894736843,0.016666666666666666
2026-01-26,Android,2112,361.7700000000001,0.1712926136363637,0.010890151515151516
2026-01-26,iOS,1169,276.79,0.23677502138579984,0.017964071856287425
2026-01-27,Android,2173,484.6600000000002,0.22303727565577552,0.016566958122411414
2026-01-27,iOS,1176,332.7600000000001,0.28295918367346945,0.02040816326530612
2026-01-28,Android,2127,809.6300000000002,0.3806440996708981,0.017395392571697227
2026-01-28,iOS,1264,644.5500000000003,0.5099287974683546,0.03560126582278481
2026-01-29,Android,2113,325.70000000000016,0.15414103170847143,0.015144344533838144
2026-01-29,iOS,1261,783.6000000000001,0.6214115781126092,0.030927835051546393
2026-01-30,Android,2201,501.6000000000003,0.22789641072239905,0.019082235347569285
2026-01-30,iOS,1226,468.58000000000015,0.38220228384991856,0.03425774877650897
2026-01-31,Android,2203,799.5600000000003,0.36294144348615537,0.01997276441216523
2026-01-31,iOS,1297,239.67000000000013,0.18478797224363927,0.026985350809560524
2026-02-01,Android,2220,426.61000000000024,0.19216666666666676,0.018468468468468467
2026-02-01,iOS,1236,487.61000000000024,0.39450647249190957,0.03155339805825243
2026-02-02,Android,2295,674.5800000000002,0.2939346405228759,0.018300653594771243
2026-02-02,iOS,1284,485.6100000000002,0.3782009345794394,0.030373831775700934
2026-02-03,Android,2283,143.83,0.06300043802014893,0.007446342531756461
2026-02-03,iOS,1316,122.87999999999998,0.0933738601823708,0.010638297872340425
2026-02-04,Android,2278,441.7400000000002,0.1939157155399474,0.01141352063213345
2026-02-04,iOS,1295,621.7600000000001,0.4801235521235522,0.018532818532818532
2026-02-05,Android,2381,178.84000000000003,0.07511129777404453,0.006719865602687947
2026-02-05,iOS,1397,181.85,0.13017179670722978,0.010737294201861132
2026-02-06,Android,2353,183.8100000000001,0.07811729706757335,0.008074798130046749
2026-02-06,iOS,1390,336.7200000000002,0.2422446043165469,0.019424460431654675
2026-02-07,Android,2382,1843.710000000001,0.774017632241814,0.05247691015952981
2026-02-07,iOS,1378,2575.549999999995,1.8690493468795322,0.10377358490566038
2026-02-08,Android,2423,1876.7800000000009,0.7745687164671898,0.05035080478745357
2026-02-08,iOS,1448,2504.4799999999937,1.7296132596685039,0.1042817679558011
2026-02-09,Android,2432,613.6900000000002,0.2523396381578948,0.01274671052631579
2026-02-09,iOS,1420,551.6600000000002,0.388492957746479,0.023943661971830985
2026-02-10,Android,2424,432.77000000000015,0.17853547854785484,0.009488448844884489
2026-02-10,iOS,1433,387.74000000000007,0.27057920446615497,0.0209351011863224
2026-02-11,Android,2498,230.8000000000001,0.09239391513210572,0.008006405124099279
2026-02-11,iOS,1423,593.6400000000002,0.41717498243148293,0.026704146170063246
2026-02-12,Android,2541,603.6300000000002,0.2375560802833531,0.014561196379378197
2026-02-12,iOS,1424,669.5200000000003,0.4701685393258429,0.03441011235955056
2026-02-13,Android,2473,871.6100000000002,0.3524504650222403,0.015770319450060657
2026-02-13,iOS,1581,483.6100000000002,0.30588867805186604,0.024667931688804556
2026-02-14,Android,2644,738.5100000000003,0.2793154311649018,0.018532526475037822
2026-02-14,iOS,1475,705.4600000000004,0.47827796610169515,0.03661016949152542
2026-02-15,Android,2556,881.4400000000004,0.34485133020344305,0.02269170579029734
2026-02-15,iOS,1549,969.4000000000004,0.6258231116849583,0.03808908973531311
2026-02-16,Android,2619,543.6000000000003,0.20756013745704477,0.015273004963726614
2026-02-16,iOS,1486,722.4700000000004,0.48618438761776606,0.03566621803499327
2026-02-17,Android,2660,480.53000000000037,0.18065037593984976,0.017293233082706767
2026-02-17,iOS,1516,806.3900000000003,0.5319195250659633,0.040237467018469655
2026-02-18,Android,2598,238.79000000000005,0.09191301000769825,0.008852963818321785
2026-02-18,iOS,1495,399.7700000000001,0.2674046822742476,0.015384615384615385
2026-02-19,Android,2645,243.82000000000005,0.09218147448015125,0.006427221172022685
2026-02-19,iOS,1523,296.75000000000006,0.19484569927774134,0.01772816808929744
2026-02-20,Android,2593,418.79,0.16150790590050135,0.008098727342846125
2026-02-20,iOS,1564,481.78000000000014,0.30804347826086964,0.015345268542199489
2026-02-21,Android,2700,252.79000000000002,0.09362592592592593,0.0077777777777777776
2026-02-21,iOS,1534,176.84,0.11528031290743156,0.011734028683181226
2026-02-22,Android,2731,2611.2199999999925,0.9561406078359548,0.06371292566825339
2026-02-22,iOS,1566,1961.550000000001,1.2525862068965523,0.08748403575989783
2026-02-23,Android,2709,1975.4400000000012,0.7292137320044301,0.05647840531561462
2026-02-23,iOS,1629,2726.4199999999933,1.6736771025168773,0.09699201964395335
2026-02-24,Android,2784,317.7000000000001,0.11411637931034486,0.010775862068965518
2026-02-24,iOS,1646,276.69000000000017,0.1680984204131228,0.019441069258809233
2026-02-25,Android,2946,190.72000000000006,0.06473862864901564,0.009504412763068567
2026-02-25,iOS,1577,176.77000000000004,0.11209258084971467,0.01585288522511097
2026-02-26,Android,2882,431.6900000000001,0.14978834142956285,0.010409437890353921
2026-02-26,iOS,1669,441.66000000000014,0.26462552426602765,0.02037147992810066
2026-02-27,Android,2953,538.4700000000003,0.18234676600067737,0.01930240433457501
2026-02-27,iOS,1628,1048.4700000000003,0.6440233415233417,0.032555282555282554
2026-02-28,Android,2977,947.4800000000004,0.3182667114544845,0.018810883439704402
2026-02-28,iOS,1664,984.3800000000003,0.5915745192307694,0.037259615384615384
2026-03-01,Android,3059,840.4500000000003,0.27474664923177516,0.018633540372670808
2026-03-01,iOS,1634,767.5000000000002,0.46970624235006136,0.031211750305997554
2026-03-02,Android,3163,766.4100000000003,0.2423047739487829,0.018653177363262725
2026-03-02,iOS,1674,619.4800000000002,0.37005973715651147,0.03345280764635603
2026-03-03,Android,3236,697.3600000000004,0.21550061804697168,0.0203955500618047
2026-03-03,iOS,1711,551.5800000000003,0.32237288135593234,0.024547048509643482
2026-03-04,Android,3138,385.54000000000025,0.12286169534735508,0.016889738687061822
2026-03-04,iOS,1657,1062.4000000000003,0.6411587205793605,0.036210018105009054
2026-03-05,Android,3279,678.7100000000002,0.2069868862458067,0.009454101860323269
2026-03-05,iOS,1715,268.77,0.15671720116618074,0.014577259475218658
2026-03-06,Android,3248,215.7700000000001,0.06643165024630544,0.0083128078817734
2026-03-06,iOS,1731,389.77000000000015,0.22517042172154833,0.014442518775274409
2026-03-07,Android,3335,123.83999999999999,0.037133433283358316,0.005997001499250375
2026-03-07,iOS,1769,381.79000000000013,0.21582249858677227,0.011871113623516111
2026-03-08,Android,3416,208.78999999999996,0.06112119437939109,0.007318501170960188
2026-03-08,iOS,1811,725.5700000000003,0.400646051905025,0.023743787962451683
2026-03-09,Android,3400,2704.2699999999913,0.7953735294117622,0.049705882352941176
2026-03-09,iOS,1816,3293.1299999999815,1.8133975770925008,0.1013215859030837
2026-03-10,Android,3689,2856.169999999985,0.7742396313364015,0.04960693955001355
2026-03-10,iOS,1837,3018.9499999999866,1.6434131736526874,0.10832879695155144
2026-03-11,Android,3643,656.6300000000002,0.18024430414493556,0.010705462530881142
2026-03-11,iOS,1871,627.6000000000003,0.3354355959380012,0.026189203634420097
2026-03-12,Android,3628,324.70000000000016,0.08949834619625142,0.009371554575523704
2026-03-12,iOS,1846,583.5600000000003,0.31612134344528725,0.024918743228602384
2026-03-13,Android,3732,456.6700000000002,0.12236602357984999,0.009914255091103965
2026-03-13,iOS,1838,520.5500000000002,0.28321545157780204,0.023939064200217627
2026-03-14,Android,3786,1018.4200000000004,0.2689963021658744,0.01531959852086635
2026-03-14,iOS,1908,871.2900000000005,0.4566509433962267,0.037211740041928724
2026-03-15,Android,4009,620.5000000000002,0.1547767523073086,0.014966325767024195
2026-03-15,iOS,1965,1114.2500000000005,0.5670483460559799,0.0371501272264631
2026-03-16,Android,3951,960.3200000000004,0.24305745380916233,0.01771703366236396
2026-03-16,iOS,1896,917.3200000000005,0.48381856540084417,0.035864978902953586
2026-03-17,Android,3996,1241.2900000000004,0.31063313313313323,0.017517517517517518
2026-03-17,iOS,1952,781.3900000000003,0.40030225409836084,0.031762295081967214
2026-03-18,Android,4224,893.4700000000004,0.21152225378787887,0.01278409090909091
2026-03-18,iOS,1982,1137.3200000000004,0.5738244197780022,0.034308779011099896
2026-03-19,Android,4199,737.4800000000004,0.1756322934031913,0.012622052869730888
2026-03-19,iOS,1930,728.4300000000003,0.3774248704663214,0.031088082901554404
2026-03-20,Android,4226,401.72000000000014,0.09505915759583534,0.007572172266919072
2026-03-20,iOS,1980,524.7800000000001,0.2650404040404041,0.013131313131313131
2026-03-21,Android,4382,326.7600000000001,0.07456869009584667,0.006389776357827476
2026-03-21,iOS,2039,556.6100000000002,0.27298185384992657,0.0196174595389897
2026-03-22,Android,4535,181.83,0.04009481808158766,0.004189636163175303
2026-03-22,iOS,2057,918.6100000000002,0.446577540106952,0.018959649975692758
2026-03-23,Android,4620,358.7300000000002,0.07764718614718619,0.006277056277056277
2026-03-23,iOS,2114,430.69000000000017,0.20373226111636716,0.015610217596972564
2026-03-24,Android,4619,3663.5599999999777,0.7931500324745567,0.05109331024031175
2026-03-24,iOS,2109,3171.739999999986,1.50390706495969,0.10478899952584163
2026-03-25,Android,4793,3303.4899999999757,0.6892322136448937,0.0502816607552681
2026-03-25,iOS,2160,2207.1199999999976,1.0218148148148136,0.0837962962962963
2026-03-26,Android,4742,931.5500000000003,0.19644664698439485,0.009489666807254323
2026-03-26,iOS,2114,514.6900000000002,0.2434673604541155,0.017975402081362345
2026-03-27,Android,4911,410.5800000000002,0.08360415394013443,0.009366727754021585
2026-03-27,iOS,2035,641.6000000000001,0.31528255528255533,0.02113022113022113
2026-03-28,Android,5043,661.5200000000002,0.1311758873686298,0.009518143961927425
2026-03-28,iOS,2166,614.5600000000003,0.28373037857802413,0.02123730378578024
2026-03-29,Android,5033,1214.0700000000006,0.24122193522749863,0.018478044903636002
2026-03-29,iOS,2169,958.2200000000006,0.44177962194559733,0.03734439834024896
2026-03-30,Android,5131,1099.2500000000005,0.2142369908399923,0.01559150263106607
2026-03-30,iOS,2121,1677.1200000000006,0.790721357850071,0.04148986327204149
2026-03-31,Android,5287,1205.2500000000005,0.22796481936826185,0.014942311329676565
2026-03-31,iOS,2187,1035.3800000000003,0.473424782807499,0.03017832647462277
2026-04-01,Android,5381,1393.1300000000006,0.25889797435420936,0.01598215944991637
2026-04-01,iOS,2145,698.4900000000004,0.3256363636363638,0.024242424242424242
2026-04-02,Android,5467,1036.2500000000005,0.189546369123834,0.014084507042253521
2026-04-02,iOS,2228,752.3200000000005,0.3376660682226214,0.03141831238779174
2026-04-03,Android,5532,925.3000000000005,0.1672631959508316,0.013015184381778741
2026-04-03,iOS,2217,814.2600000000006,0.3672801082543981,0.032927379341452415
2026-04-04,Android,5722,713.6000000000003,0.12471163928696265,0.006815798671793079
2026-04-04,iOS,2311,696.6500000000002,0.3014495889225444,0.016010385114668974
2026-04-05,Android,5807,390.6100000000001,0.06726536938178063,0.006716032374720166
2026-04-05,iOS,2312,416.66000000000014,0.1802162629757786,0.01643598615916955
2026-04-06,Android,5953,468.6100000000002,0.07871829329749709,0.007391231311943558
2026-04-06,iOS,2364,343.70000000000016,0.14538917089678519,0.012690355329949238
2026-04-07,Android,6053,749.6600000000002,0.12384933091029245,0.006277878737815959
2026-04-07,iOS,2299,391.75000000000017,0.1704001739886908,0.01087429317094389
2026-04-08,Android,6176,3660.4799999999786,0.5926943005181312,0.04096502590673575
2026-04-08,iOS,2423,3509.5699999999774,1.4484399504746088,0.09574907139909203
2026-04-09,Android,6186,3869.1799999999726,0.6254736501778164,0.044778532169414804
2026-04-09,iOS,2384,3072.5799999999854,1.2888338926174436,0.09899328859060402
2026-04-10,Android,6204,958.4200000000004,0.15448420373952296,0.00918762088974855
2026-04-10,iOS,2466,554.6100000000001,0.2249026763990268,0.01824817518248175
2026-04-11,Android,6247,921.2200000000005,0.1474659836721627,0.012325916439891147
2026-04-11,iOS,2484,510.5100000000003,0.2055193236714977,0.019726247987117553
2026-04-12,Android,6559,867.3300000000005,0.13223509681353873,0.010367434060070133
2026-04-12,iOS,2521,604.4400000000003,0.23976199920666413,0.023006743355811186
2026-04-13,Android,6756,1974.9400000000007,0.29232386027235063,0.015541740674955595
2026-04-13,iOS,2447,922.2300000000006,0.37688189619942813,0.03473641193297916
2026-04-14,Android,6736,1483.0300000000007,0.220164786223278,0.01440023752969121
2026-04-14,iOS,2592,1132.1500000000005,0.436786265432099,0.03510802469135803
2026-04-15,Android,6861,1244.0100000000007,0.18131613467424584,0.014575134819997084
2026-04-15,iOS,2585,972.1400000000006,0.3760696324951646,0.033268858800773696
2026-04-16,Android,7087,1423.9300000000007,0.20092140539015108,0.014956963454211937
2026-04-16,iOS,2526,1734.0400000000006,0.6864766429136978,0.04077593032462391
2026-04-17,Android,7012,1863.8900000000008,0.2658143183114662,0.015830005704506562
2026-04-17,iOS,2609,1108.2800000000004,0.42479110770410133,0.030663089306247605
2026-04-18,Android,7183,1657.9400000000007,0.2308144229430601,0.015592370875678685
2026-04-18,iOS,2710,1370.0900000000006,0.505568265682657,0.03505535055350553
2026-04-19,Android,7275,824.5400000000003,0.11333883161512032,0.007147766323024055
2026-04-19,iOS,2665,206.79000000000002,0.07759474671669794,0.010131332082551596
2026-04-20,Android,7417,594.6500000000002,0.08017392476742621,0.005393016044222732
2026-04-20,iOS,2604,555.5400000000002,0.21334101382488488,0.01804915514592934
2026-04-21,Android,7460,690.5700000000003,0.09256970509383382,0.006300268096514745
2026-04-21,iOS,2593,395.59000000000026,0.15256074045507145,0.015811801002699577
2026-04-22,Android,7540,748.5200000000003,0.09927320954907166,0.00636604774535809
2026-04-22,iOS,2639,1000.5000000000003,0.3791208791208793,0.019325502084122773
2026-04-23,Android,7590,5554.289999999952,0.7317905138339857,0.04782608695652174
2026-04-23,iOS,2656,3891.209999999972,1.4650640060240858,0.10316265060240964
2026-04-24,Android,7791,5088.269999999955,0.6530958798613727,0.04723398793479656
2026-04-24,iOS,2788,3686.189999999974,1.3221628407460453,0.10043041606886657
2026-04-25,Android,7744,1352.1700000000005,0.17460872933884306,0.011492768595041322
2026-04-25,iOS,2740,794.4700000000004,0.2899525547445257,0.021532846715328468
2026-04-26,Android,7920,1013.2200000000006,0.12793181818181826,0.010227272727272727
2026-04-26,iOS,2794,953.3900000000004,0.3412276306370796,0.021474588403722263
2026-04-27,Android,8073,733.4200000000003,0.09084850737024654,0.007432181345224823
2026-04-27,iOS,2796,824.2900000000005,0.2948104434907012,0.025393419170243205
2026-04-28,Android,8172,2065.7400000000007,0.2527826725403819,0.01529613313754283
2026-04-28,iOS,2750,1279.1300000000006,0.465138181818182,0.03127272727272727
2026-04-29,Android,8259,1701.720000000001,0.2060443152924084,0.015740404407313235
2026-04-29,iOS,2873,1533.9500000000007,0.5339192481726421,0.037243299686738604
2026-04-30,Android,8269,1291.9900000000007,0.1562450114886928,0.014149232071592695
2026-04-30,iOS,2828,939.3200000000005,0.33214992927864234,0.0342998585572843
