install_week,cohort_size,day1_retained,day1_retention,day7_retained,day7_retention,day14_retained,day14_retention,day30_retained,day30_retention,cohort_status
2025-05-26,455,0,0.0,0,0.0,0,0.0,0,0.0,Complete
2025-06-02,459,0,0.0,0,0.0,0,0.0,0,0.0,Complete
2025-06-09,566,0,0.0,0,0.0,0,0.0,0,0.0,Complete
2025-06-16,476,0,0.0,0,0.0,0,0.0,0,0.0,Complete
2025-06-23,546,0,0.0,0,0.0,0,0.0,0,0.0,Complete
2025-06-30,536,0,0.0,0,0.0,0,0.0,0,0.0,Complete
2025-07-07,511,0,0.0,0,0.0,0,0.0,0,0.0,Complete
2025-07-14,527,0,0.0,0,0.0,0,0.0,0,0.0,Complete
2025-07-21,546,0,0.0,0,0.0,0,0.0,0,0.0,Complete
2025-07-28,533,0,0.0,0,0.0,0,0.0,0,0.0,Complete
2025-08-04,476,0,0.0,0,0.0,0,0.0,0,0.0,Complete
2025-08-11,518,0,0.0,0,0.0,0,0.0,0,0.0,Complete
2025-08-18,496,0,0.0,0,0.0,0,0.0,0,0.0,Complete
2025-08-25,473,0,0.0,0,0.0,0,0.0,0,0.0,Complete
2025-09-01,523,0,0.0,0,0.0,0,0.0,0,0.0,Complete
2025-09-08,483,0,0.0,0,0.0,0,0.0,0,0.0,Complete
2025-09-15,480,0,0.0,0,0.0,0,0.0,0,0.0,Complete
2025-09-22,516,0,0.0,0,0.0,0,0.0,0,0.0,Complete
2025-09-29,524,0,0.0,0,0.0,0,0.0,0,0.0,Complete
2025-10-06,545,0,0.0,0,0.0,0,0.0,0,0.0,Complete
2025-10-13,531,0,0.0,0,0.0,0,0.0,0,0.0,Complete
2025-10-20,526,0,0.0,0,0.0,0,0.0,0,0.0,Complete
2025-10-27,470,0,0.0,0,0.0,0,0.0,0,0.0,Complete
2025-11-03,519,0,0.0,0,0.0,0,0.0,0,0.0,Complete
2025-11-10,480,0,0.0,0,0.0,0,0.0,0,0.0,Complete
2025-11-17,519,0,0.0,0,0.0,0,0.0,0,0.0,Complete
2025-11-24,502,0,0.0,0,0.0,0,0.0,0,0.0,Complete
2025-12-01,521,0,0.0,0,0.0,0,0.0,75,0.14395393,Complete
2025-12-08,507,0,0.0,0,0.0,0,0.0,63,0.12426036,Complete
2025-12-15,519,0,0.0,0,0.0,59,0.113680154,84,0.1618497,Complete
2025-12-22,517,0,0.0,70,0.13539653,108,0.20889749,84,0.16247582,Complete
2025-12-29,1429,602,0.42127362,358,0.25052485,268,0.18754373,188,0.13156053,Complete
2026-01-05,2199,1022,0.4647567,589,0.26784903,421,0.19145066,301,0.1368804,Complete
2026-01-12,2266,1082,0.47749338,594,0.26213592,450,0.19858782,339,0.14960283,Complete
2026-01-19,2234,1066,0.477171,548,0.2452999,416,0.18621308,283,0.1266786,Complete
2026-01-26,2193,1042,0.4751482,569,0.2594619,470,0.21431829,324,0.14774282,Complete
2026-02-02,2335,1122,0.48051393,627,0.26852247,485,0.20770878,341,0.14603855,Complete
2026-02-09,2262,1141,0.5044209,571,0.25243148,446,0.19717064,330,0.1458886,Complete
2026-02-16,2269,1072,0.47245482,542,0.23887175,442,0.19479947,329,0.14499779,Complete
2026-02-23,2744,1287,0.46902332,734,0.2674927,521,0.18986881,387,0.14103499,Complete
2026-03-02,3241,1542,0.4757791,785,0.2422092,634,0.19561863,432,0.1332922,Complete
2026-03-09,3734,1765,0.47268346,994,0.26620245,720,0.19282271,493,0.13203,Complete
2026-03-16,4337,2057,0.474291,1096,0.25270924,832,0.19183767,595,0.13719161,Complete
2026-03-23,4943,2412,0.48796278,1226,0.24802752,992,0.20068784,695,0.14060287,Complete
2026-03-30,5365,2476,0.4615098,1415,0.2637465,1032,0.19235787,198,0.03690587,Complete
2026-04-06,6065,2932,0.48342952,1571,0.2590272,1154,0.19027205,0,0.0,Incomplete
2026-04-13,6551,3120,0.47626317,1591,0.24286368,741,0.1131125,0,0.0,Incomplete
2026-04-20,6543,3146,0.4808192,891,0.13617606,0,0.0,0,0.0,Incomplete
2026-04-27,3785,1332,0.35191545,0,0.0,0,0.0,0,0.0,Incomplete
