event_date,players_cap_5,players_cap_8
2026-01-01,323.0,125.0
2026-01-02,912.0,320.0
2026-01-03,1034.0,340.0
2026-01-04,1011.0,360.0
2026-01-05,1034.0,394.0
2026-01-06,1110.0,358.0
2026-01-07,1142.0,376.0
2026-01-08,1139.0,395.0
2026-01-09,1217.0,429.0
2026-01-10,1190.0,397.0
2026-01-11,1338.0,439.0
2026-01-12,1352.0,438.0
2026-01-13,1292.0,492.0
2026-01-14,1342.0,455.0
2026-01-15,1435.0,467.0
2026-01-16,1487.0,466.0
2026-01-17,1437.0,498.0
2026-01-18,1438.0,501.0
2026-01-19,1551.0,503.0
2026-01-20,1548.0,477.0
2026-01-21,1580.0,526.0
2026-01-22,1619.0,502.0
2026-01-23,1604.0,508.0
2026-01-24,1602.0,562.0
2026-01-25,1674.0,570.0
2026-01-26,1600.0,589.0
2026-01-27,1690.0,603.0
2026-01-28,1699.0,544.0
2026-01-29,1731.0,596.0
2026-01-30,1747.0,584.0
2026-01-31,1723.0,582.0
2026-02-01,1767.0,620.0
2026-02-02,1843.0,638.0
2026-02-03,1856.0,600.0
2026-02-04,1786.0,581.0
2026-02-05,1845.0,630.0
2026-02-06,1849.0,628.0
2026-02-07,1919.0,629.0
2026-02-08,1966.0,629.0
2026-02-09,1949.0,663.0
2026-02-10,1946.0,667.0
2026-02-11,2053.0,689.0
2026-02-12,2005.0,719.0
2026-02-13,2050.0,705.0
2026-02-14,2079.0,730.0
2026-02-15,2098.0,736.0
2026-02-16,2131.0,706.0
2026-02-17,2117.0,720.0
2026-02-18,2213.0,714.0
2026-02-19,2126.0,665.0
2026-02-20,2103.0,664.0
2026-02-21,2147.0,741.0
2026-02-22,2184.0,728.0
2026-02-23,2253.0,749.0
2026-02-24,2226.0,816.0
2026-02-25,2374.0,747.0
2026-02-26,2345.0,798.0
2026-02-27,2337.0,820.0
2026-02-28,2344.0,823.0
2026-03-01,2422.0,819.0
2026-03-02,2380.0,801.0
2026-03-03,2497.0,865.0
2026-03-04,2518.0,851.0
2026-03-05,1568.0,533.0
2026-03-07,1038.0,348.0
2026-03-08,2650.0,941.0
2026-03-09,2767.0,940.0
2026-03-10,2785.0,928.0
2026-03-11,2916.0,940.0
2026-03-12,2891.0,968.0
2026-03-13,2888.0,965.0
2026-03-14,2936.0,970.0
2026-03-15,3092.0,1087.0
2026-03-16,3051.0,1140.0
2026-03-17,3058.0,1079.0
2026-03-18,3212.0,1142.0
2026-03-19,3295.0,1099.0
2026-03-20,3342.0,1080.0
2026-03-21,3356.0,1106.0
2026-03-22,3430.0,1165.0
2026-03-23,3524.0,1200.0
2026-03-24,3626.0,1231.0
2026-03-25,3656.0,1210.0
2026-03-26,3823.0,1231.0
2026-03-27,3757.0,1228.0
2026-03-28,3770.0,1276.0
2026-03-29,3898.0,1335.0
2026-03-30,3930.0,1300.0
2026-03-31,4079.0,1379.0
2026-04-01,3995.0,1361.0
2026-04-02,4128.0,1405.0
2026-04-03,4166.0,1453.0
2026-04-04,4196.0,1476.0
2026-04-05,4386.0,1508.0
2026-04-06,4518.0,1532.0
2026-04-07,4470.0,1557.0
2026-04-08,4559.0,1677.0
2026-04-09,4796.0,1670.0
2026-04-10,4732.0,1640.0
2026-04-11,4834.0,1649.0
2026-04-12,4825.0,1630.0
2026-04-13,4987.0,1788.0
2026-04-14,5079.0,1745.0
2026-04-15,5186.0,1836.0
2026-04-16,5407.0,1737.0
2026-04-17,5407.0,1800.0
2026-04-18,5520.0,1829.0
2026-04-19,5501.0,1895.0
2026-04-20,5685.0,1924.0
2026-04-21,5532.0,1886.0
2026-04-22,5676.0,1971.0
2026-04-23,5722.0,2000.0
2026-04-24,5791.0,1925.0
2026-04-25,5957.0,2013.0
2026-04-26,5899.0,2024.0
2026-04-27,6054.0,2067.0
2026-04-28,6085.0,2097.0
2026-04-29,6298.0,2153.0
2026-04-30,6235.0,2165.0
