event_date,total_ad_views,unique_viewers,avg_ads_per_viewer,completed_views,abandoned_views,started_views
2026-01-01,536,448,1.1964285714285714,443.0,71.0,22.0
2026-01-02,1648,1209,1.3631100082712986,1363.0,204.0,81.0
2026-01-03,1834,1352,1.356508875739645,1533.0,225.0,76.0
2026-01-04,1811,1348,1.3434718100890208,1491.0,236.0,84.0
2026-01-05,1870,1398,1.3376251788268956,1535.0,229.0,106.0
2026-01-06,1935,1451,1.3335630599586492,1580.0,252.0,103.0
2026-01-07,2032,1493,1.361018084393838,1671.0,252.0,109.0
2026-01-08,2098,1506,1.3930942895086322,1755.0,250.0,93.0
2026-01-09,2178,1628,1.337837837837838,1773.0,287.0,118.0
2026-01-10,2118,1560,1.3576923076923078,1753.0,243.0,122.0
2026-01-11,2394,1743,1.3734939759036144,1978.0,294.0,122.0
2026-01-12,2428,1763,1.3771979580260918,1972.0,318.0,138.0
2026-01-13,2403,1750,1.3731428571428572,2005.0,304.0,94.0
2026-01-14,2341,1765,1.3263456090651558,1918.0,301.0,122.0
2026-01-15,2551,1869,1.36490101658641,2084.0,320.0,147.0
2026-01-16,2645,1917,1.3797600417318727,2148.0,364.0,133.0
2026-01-17,2596,1899,1.3670352817272249,2132.0,353.0,111.0
2026-01-18,2597,1897,1.3690036900369005,2142.0,326.0,129.0
2026-01-19,2787,2018,1.3810703666997026,2287.0,365.0,135.0
2026-01-20,2728,1990,1.370854271356784,2260.0,343.0,125.0
2026-01-21,2796,2069,1.3513774770420492,2271.0,376.0,149.0
2026-01-22,2869,2088,1.3740421455938698,2338.0,391.0,140.0
2026-01-23,2840,2076,1.3680154142581888,2341.0,368.0,131.0
2026-01-24,2923,2129,1.3729450446218883,2377.0,387.0,159.0
2026-01-25,3004,2213,1.3574333483958427,2458.0,391.0,155.0
2026-01-26,2964,2151,1.3779637377963738,2433.0,383.0,148.0
2026-01-27,3063,2261,1.3547103051747014,2530.0,388.0,145.0
2026-01-28,3031,2217,1.3671628326567433,2459.0,412.0,160.0
2026-01-29,3110,2287,1.359860078705728,2550.0,401.0,159.0
2026-01-30,3126,2288,1.3662587412587412,2561.0,425.0,140.0
2026-01-31,3113,2274,1.368953386103782,2607.0,344.0,162.0
2026-02-01,3282,2352,1.3954081632653061,2700.0,423.0,159.0
2026-02-02,3326,2443,1.361440851412198,2736.0,426.0,164.0
2026-02-03,3304,2417,1.36698386429458,2709.0,442.0,153.0
2026-02-04,3204,2327,1.3768801031370863,2609.0,436.0,159.0
2026-02-05,3320,2435,1.3634496919917864,2697.0,453.0,170.0
2026-02-06,3323,2446,1.358544562551104,2749.0,430.0,144.0
2026-02-07,3404,2506,1.3583399840383081,2775.0,450.0,179.0
2026-02-08,3523,2559,1.3767096522078937,2917.0,434.0,172.0
2026-02-09,3536,2573,1.3742712786630393,2851.0,479.0,206.0
2026-02-10,3505,2565,1.3664717348927875,2833.0,478.0,194.0
2026-02-11,3736,2700,1.3837037037037037,3084.0,468.0,184.0
2026-02-12,3633,2684,1.3535767511177348,2995.0,449.0,189.0
2026-02-13,3730,2704,1.3794378698224852,3041.0,509.0,180.0
2026-02-14,3775,2769,1.3633080534488986,3106.0,499.0,170.0
2026-02-15,3896,2784,1.3994252873563218,3244.0,465.0,187.0
2026-02-16,3771,2788,1.3525824964131994,3112.0,472.0,187.0
2026-02-17,3835,2780,1.379496402877698,3158.0,495.0,182.0
2026-02-18,3898,2890,1.3487889273356402,3161.0,532.0,205.0
2026-02-19,3784,2751,1.37549981824791,3147.0,464.0,173.0
2026-02-20,3716,2717,1.367684946632315,3035.0,496.0,185.0
2026-02-21,3919,2846,1.3770203794799718,3220.0,506.0,193.0
2026-02-22,3912,2871,1.3625914315569487,3212.0,497.0,203.0
2026-02-23,4039,2950,1.3691525423728814,3280.0,557.0,202.0
2026-02-24,4106,2989,1.3737035797925727,3348.0,543.0,215.0
2026-02-25,4176,3072,1.359375,3407.0,564.0,205.0
2026-02-26,4169,3093,1.3478823149046233,3383.0,584.0,202.0
2026-02-27,4206,3102,1.355899419729207,3430.0,539.0,237.0
2026-02-28,4274,3122,1.3689942344650865,3532.0,523.0,219.0
2026-03-01,4376,3187,1.37307812990273,3567.0,592.0,217.0
2026-03-02,4387,3130,1.401597444089457,3582.0,582.0,223.0
2026-03-03,4526,3307,1.3686120350771092,3667.0,625.0,234.0
2026-03-04,4586,3319,1.3817414884001205,3763.0,613.0,210.0
2026-03-05,2901,2101,1.3807710613993336,2409.0,359.0,133.0
2026-03-07,1679,1386,1.2113997113997115,1365.0,233.0,81.0
2026-03-08,4803,3530,1.3606232294617564,3947.0,615.0,241.0
2026-03-09,4988,3644,1.3688254665203075,4108.0,623.0,257.0
2026-03-10,5043,3631,1.3888735885431012,4151.0,641.0,251.0
2026-03-11,5309,3794,1.3993147074327885,4351.0,662.0,296.0
2026-03-12,5282,3791,1.393299920865207,4345.0,694.0,243.0
2026-03-13,5183,3789,1.3679070994985485,4282.0,640.0,261.0
2026-03-14,5361,3847,1.3935534182479854,4414.0,675.0,272.0
2026-03-15,5671,4101,1.3828334552548158,4644.0,743.0,284.0
2026-03-16,5676,4099,1.3847279824347403,4663.0,737.0,276.0
2026-03-17,5671,4065,1.395079950799508,4645.0,762.0,264.0
2026-03-18,5948,4283,1.3887462059304225,4848.0,796.0,304.0
2026-03-19,5966,4300,1.3874418604651162,4923.0,766.0,277.0
2026-03-20,6037,4347,1.3887738670347367,4938.0,803.0,296.0
2026-03-21,6139,4379,1.4019182461749258,5026.0,838.0,275.0
2026-03-22,6271,4503,1.392627137463913,5164.0,821.0,286.0
2026-03-23,6438,4642,1.3869021973287377,5330.0,822.0,286.0
2026-03-24,6621,4768,1.3886325503355705,5393.0,897.0,331.0
2026-03-25,6633,4786,1.3859172586711241,5439.0,844.0,350.0
2026-03-26,6998,4969,1.408331656268867,5689.0,928.0,381.0
2026-03-27,6888,4897,1.4065754543598121,5601.0,936.0,351.0
2026-03-28,6952,4951,1.4041607756008887,5678.0,893.0,381.0
2026-03-29,7155,5139,1.3922942206654991,5892.0,895.0,368.0
2026-03-30,7140,5136,1.3901869158878504,5864.0,951.0,325.0
2026-03-31,7545,5359,1.407911923866393,6179.0,996.0,370.0
2026-04-01,7437,5271,1.410927717700626,6054.0,999.0,384.0
2026-04-02,7609,5422,1.4033566949465142,6203.0,1022.0,384.0
2026-04-03,7695,5519,1.3942743250588874,6296.0,1007.0,392.0
2026-04-04,7837,5563,1.4087722451914435,6423.0,1014.0,400.0
2026-04-05,8239,5778,1.4259259259259258,6752.0,1043.0,444.0
2026-04-06,8364,5935,1.4092670598146588,6867.0,1083.0,414.0
2026-04-07,8271,5921,1.396892416821483,6736.0,1104.0,431.0
2026-04-08,8564,6104,1.4030144167758847,6960.0,1189.0,415.0
2026-04-09,8956,6347,1.4110603434693556,7404.0,1154.0,398.0
2026-04-10,8840,6250,1.4144,7247.0,1190.0,403.0
2026-04-11,9052,6360,1.4232704402515723,7451.0,1181.0,420.0
2026-04-12,8992,6327,1.421210684368579,7359.0,1193.0,440.0
2026-04-13,9415,6645,1.416854778028593,7720.0,1207.0,488.0
2026-04-14,9402,6709,1.4014011029959756,7754.0,1210.0,438.0
2026-04-15,9735,6888,1.413327526132404,8034.0,1237.0,464.0
2026-04-16,9956,7008,1.4206621004566211,8194.0,1233.0,529.0
2026-04-17,10145,7070,1.434936350777935,8311.0,1333.0,501.0
2026-04-18,10249,7243,1.415021399972387,8395.0,1349.0,505.0
2026-04-19,10395,7251,1.4335953661563923,8491.0,1373.0,531.0
2026-04-20,10583,7460,1.4186327077747989,8664.0,1358.0,561.0
2026-04-21,10406,7266,1.43214973850812,8612.0,1288.0,506.0
2026-04-22,10623,7507,1.4150792593579327,8752.0,1371.0,500.0
2026-04-23,10849,7559,1.4352427569784363,8943.0,1384.0,522.0
2026-04-24,10779,7557,1.426359666534339,8799.0,1447.0,533.0
2026-04-25,11211,7825,1.4327156549520768,9136.0,1530.0,545.0
2026-04-26,10988,7786,1.411250963267403,8907.0,1475.0,606.0
2026-04-27,11346,7978,1.4221609425921284,9294.0,1495.0,557.0
2026-04-28,11473,8031,1.4285892167849583,9416.0,1493.0,564.0
2026-04-29,11810,8297,1.4234060503796553,9709.0,1548.0,553.0
2026-04-30,11826,8253,1.4329334787350054,9675.0,1559.0,592.0
